{
  "error": "{orangered}<b>ᴇʀʀᴏʀ</b> {gray}{0}",
  "ban": "{orangered}<b>ᴏᴜᴛ ᴏꜰ ʜᴇᴀʀᴛꜱ</b><br><br>{gray}You have lost all your hearts",
  "commands": {
    "about": "{blue}FluxSMP plugin by @numenmc<br>{gray}Written for Clickyy and COVLY<br>{gray}Contact: business.nmc@outlook.com / discord:@numenmc",
    "lifesteal": {
      "unknown": "{orangered}That player does not exist, you can enter an online player's name or a UUID",
      "get": {
        "success": "{gray}The player {blue}<hover:show_text:'{1}'>{0}</hover> {gray}has {blue}{2} hearts ({3}HP)"
      },
      "set": {
        "success": "{gray}Successfully updated {blue}<hover:show_text:'{1}'>{0}</hover> {gray}to {blue}{2} hearts ({3}HP)"
      },
      "fabricate": {
        "success": "{gray}Fabricated {blue}Heart"
      },
      "fabricate_beacon": {
        "success": "{gray}Fabricated {blue}Revive Beacon"
      },
      "withdraw": {
        "success": "{gray}Withdrew {blue}1 heart {gray}from your hotbar"
      }
    },
    "strength": {
      "fabricate": {
        "success": "{gray}Fabricated {blue}Strength Sword",
        "shard_success": "{gray}Fabricated {blue}Strength Shard"
      }
    },
    "restrictedcraft": {
      "unknown": "{orangered}Unknown recipe name",
      "uncraftable": "{gray}Recipe {blue}{0} {gray}has already been crafted",
      "craftable": "{gray}Recipe {blue}{0} {gray}can still be crafted",
      "free": "{gray}Recipe {blue}{0} {gray}can now be crafted",
      "lock": "{gray}Recipe {blue}{0} {gray}now cannot be crafted"
    },
    "sequence": {
      "endcountdown": {
        "already_started": "{orangered}A countdown has already started",
        "success": "{gray}Started end countdown for {blue}60s"
      },
      "openend": {
        "success": "{gray}The end is now {blue}open"
      },
      "closeend": {
        "success": "{gray}The end is now {blue}closed"
      },
      "graceperiod": {
        "started": "{gray}Set grace period to {blue}{0}m"
      }
    },
    "fluxeffects": {
      "unknown": "{orangered}That player does not exist, you can enter an online player's name or a UUID",
      "onkill": "{gray}Changed the effects of {blue}{0} (Action=KILL)",
      "ondeath": "{gray}Changed the effects of {blue}{0} (Action=DEATH)",
      "gui": {
        "title": "ᴇɴᴀʙʟᴇᴅ ᴇꜰꜰᴇᴄᴛꜱ",
        "effects": {
          "minecraft:speed": "Speed",
          "minecraft:haste": "Haste",
          "minecraft:strength": "Strength",
          "minecraft:jump_boost": "Jump Boost",
          "minecraft:regeneration": "Regeneration",
          "minecraft:resistance": "Resistance",
          "minecraft:fire_resistance": "Fire Resistance",
          "minecraft:water_breathing": "Water Breathing",
          "minecraft:saturation": "Saturation",
          "minecraft:dolphins_grace": "Dolphin's Grace",
          "minecraft:hero_of_the_village": "Hero of the Village",
          "minecraft:invisibility": "Invisibility",
          "minecraft:slowness": "Slowness",
          "minecraft:hunger": "Hunger",
          "minecraft:slow_falling": "Slow Falling",
          "minecraft:glowing": "Glowing",
          "minecraft:weakness": "Weakness",
          "minecraft:mining_fatigue": "Mining Fatigue"
        }
      }
    },
    "rules": {
      "title": "ʀᴜʟᴇꜱ",
      "rules": {
        "no_ender_chest": {
          "title": "{blue}Certain items are not allowed in ender chests",
          "description": "These items are Hearts, Maces, Strength Swords, and the Dragon Egg."
        },
        "end_dimension": {
          "title": "{blue}Maces can't be used in the end",
          "description": "Maces will not function while you are in the end dimension, including during the end fight."
        },
        "combat_disallow": {
          "title": "{blue}Certain items are disallowed in combat",
          "description": "Riptide tridents and elytras can't be used in combat."
        },
        "craft_once": {
          "title": "{blue}Some items can only be crafted once",
          "description": "Maces and the Strength Sword can only be crafted once."
        },
        "soundboard": {
          "title": "{blue}Remember people may be recording",
          "description": "Do not use soundboards in voice chat, or discriminatory language anywhere."
        },
        "cheating": {
          "title": "{blue}No cheating",
          "description": "This includes x-ray, and abusing bugs or exploits."
        },
        "cooldowns": {
          "title": "{blue}Pearl and mace cooldowns",
          "description": "There is a 20 second cooldown for Ender Pearls and a 30 second cooldown for Maces."
        },
        "freecam": {
          "title": "{blue}Freecam",
          "description": "Freecam or any mod that unlocks your camera from your player is not allowed"
        },
        "minimap": {
          "title": "{blue}Minimaps",
          "description": "Minimaps are allowed as long as you disable entity and player radars"
        },
        "replaymod": {
          "title": "{blue}Replay Mod",
          "description": "Replay mod and Flashback are both allowed for recording videos"
        }
      }
    }
  },
  "system": {
    "max_hearts": "{orangered}You've reached the maximum amount of hearts",
    "min_hearts": "{orangered}You don't have enough hearts to do this",
    "heart_gained": "{blue}+1 {gray}heart",
    "heart_lost": "{blue}-1 {gray}heart",
    "heart_lost_multi": "{blue}-{0} {gray}hearts",
    "ender_chest_disabled": "{orangered}You can't place those items in your ender chest",
    "cannot_craft": "{orangered}This item has already been crafted",
    "last_craft": "{green}This item cannot be crafted again",
    "no_shift_craft": "{orangered}Do not hold shift while crafting this",
    "end_closed": "{orangered}The end is not open",
    "end_countdown": "{gray}The end will open in {blue}{0}s",
    "end_open": "{green}The end is now open",
    "grace_period_countdown": "{gray}Grace period {blue}{0}",
    "grace_period_ended": "{green}Grace period ended",
    "no_mace_end": "{orangered}You can't use the Mace in the end",
    "max_possible_effects": {
      "positive": "{orangered}You have the maximum amount of positive effects",
      "negative": "{orangered}You have the maximum amount of negative effects"
    },
    "effect_update": {
      "add": "{green}+ {0}",
      "remove": "{green}- {0}"
    },
    "player_banned": "{orangered}{0} has been banned"
  },
  "custom_items": {
    "heart": {
      "name": "Heart"
    },
    "strength_sword": {
      "name": "Strength Sword"
    },
    "strength_shard": {
      "name": "Strength Shard"
    },
    "revive_beacon": {
      "name": "Revive Beacon",
      "gui": {
        "title": "ʀᴇᴠɪᴠᴇ ᴀ ᴘʟᴀʏᴇʀ",
        "head": {
          "name": "{blue}{0}",
          "lore": "<reset>{gray}Click to revive this player"
        },
        "success": "{green}That player has been revived with 4 hearts!"
      }
    }
  }
}